{
  "tag": "itransformer_rayenfd_hist_s0",
  "arch": "itransformer_rayenfd",
  "seed": 0,
  "dataset": "hist",
  "device": "mps",
  "recipe": {
    "epochs": 40,
    "patience": 10,
    "batch": 128
  },
  "lr": 0.0001,
  "epochs_run": 40,
  "stride": 1,
  "best_val_mse": 0.4567638015323551,
  "secs": 5460.49333024025,
  "metrics": {
    "per_target": {
      "hydro": {
        "MAE": 16.462244033813477,
        "RMSE": 42.60210037231445,
        "WAPE": 0.05579317705666176,
        "R2": 0.9882374799051976
      },
      "coal_brown": {
        "MAE": 32.90301513671875,
        "RMSE": 47.142478942871094,
        "WAPE": 0.00900409959491919,
        "R2": 0.99590321523956
      },
      "gas_steam": {
        "MAE": 2.0390491485595703,
        "RMSE": 4.403191566467285,
        "WAPE": 0.26025438412304136,
        "R2": 0.9930115691972978
      },
      "gas_ocgt": {
        "MAE": 4.378541469573975,
        "RMSE": 13.196229934692383,
        "WAPE": 0.05275844414475603,
        "R2": 0.994924788999454
      },
      "battery_charging": {
        "MAE": 31.180938720703125,
        "RMSE": 59.50798797607422,
        "WAPE": 0.24457034378646847,
        "R2": 0.9151836997583925
      },
      "battery_discharging": {
        "MAE": 28.89937400817871,
        "RMSE": 55.99774932861328,
        "WAPE": 0.2717653856214199,
        "R2": 0.9149764513931007
      }
    },
    "average": {
      "MAE": 19.310527086257935,
      "RMSE": 37.14162302017212,
      "WAPE": 0.14902430572121114,
      "R2": 0.9670395340821671
    }
  },
  "balance_resid_max_mw_vs_ndin": 0.0010938048362731934,
  "balance_resid_mean_mw_vs_ndin": 0.00016435086359954223,
  "n_ramp_vs_prev": 0,
  "n_neg": 0
}