{
  "train_mse": [
    0.2771538967771508,
    0.07021748490422686,
    0.05814828143405766,
    0.05279081856187816,
    0.049448098778446144,
    0.04715472837834622,
    0.04564914837584039,
    0.044408203935326074,
    0.043356422079593594,
    0.04271807133675643,
    0.04206132486091225,
    0.04160094772961652,
    0.041114679401351654,
    0.04072163027429785,
    0.04032884443300628,
    0.0400176899583076,
    0.03969438704792584,
    0.039571825742744766,
    0.03926349804965878,
    0.03917869068450088,
    0.03887826009621594,
    0.038761556406746216,
    0.03861237769058653,
    0.03834031246939088,
    0.03837303831778768,
    0.038162940970949855,
    0.0381542791893874,
    0.037998757435362844,
    0.03794294565544693,
    0.037863864853537155,
    0.03770957960285873,
    0.037621944797489315,
    0.037581863427227157,
    0.0374717336188642,
    0.037416601399789536,
    0.03740550441568793,
    0.037225295757625336,
    0.037193925607357625,
    0.03709596486884021,
    0.0370949009619073,
    0.03693704072943079,
    0.03696529036590893,
    0.036891221866661515,
    0.036900746554855805,
    0.03681418597930317,
    0.036743120241016614,
    0.036684806908356064,
    0.03663434263179514,
    0.03663203851073238,
    0.036521696314401345,
    0.036517257468537005
  ],
  "val_mse": [
    0.06347040987263124,
    0.0449997306180497,
    0.039782460468510784,
    0.036801080141837396,
    0.036150473014762007,
    0.034638113187005125,
    0.03326400532387197,
    0.032790172224243484,
    0.03271113553394874,
    0.03390736777024964,
    0.032296135633563004,
    0.03311657401112219,
    0.03249586272674302,
    0.03221461231199404,
    0.031936713649580874,
    0.03236000519245863,
    0.031691329243282475,
    0.03201421839185059,
    0.03167940784866611,
    0.031385492999106646,
    0.03263975214213133,
    0.031363196205347776,
    0.03130843536928296,
    0.03108479765554269,
    0.031223130645230412,
    0.03130605320135752,
    0.03138010475474099,
    0.031039736156041425,
    0.031532446310545005,
    0.030938871127242844,
    0.03090319495337705,
    0.031079423769066732,
    0.031176391600941617,
    0.031834268709644675,
    0.031697626846532025,
    0.03127353979895512,
    0.031041469580183428,
    0.031078908282021683,
    0.031085224201281864,
    0.0312925122367839,
    0.031150144059211016,
    0.03217132265369097,
    0.031577495159581304,
    0.03147444974941512,
    0.031197084424396355,
    0.030944567716990907,
    0.03169224403488139,
    0.032019311717400946,
    0.031482050117726125,
    0.0317040243341277,
    0.03237756007971863
  ],
  "best_val_total": 0.03090319495337705,
  "epochs_run": 51
}