{
 "arm": "baseline",
 "epochs_run": 2,
 "best_val_mse": 1.377774974681713,
 "train_mse": [
  0.40048646529515586,
  0.40052738118171693
 ],
 "train_loss": [
  0.40048646529515586,
  0.40052738118171693
 ],
 "val_mse": [
  1.377774974681713,
  1.378572108892747
 ],
 "cost_term": [
  null,
  null
 ]
}