{
 "arm": "size_aware",
 "epochs_run": 24,
 "best_val_mse": 1.5483690863715278,
 "train_mse": [
  0.2749029787063599,
  0.27562334711551667,
  0.2717869923114777,
  0.2691754703521729,
  0.26869795393943785,
  0.2703371519565582,
  0.2639570867776871,
  0.2571509240627289,
  0.2519921709060669,
  0.24729905662536622,
  0.2458626132965088,
  0.24497645366191864,
  0.24372742857933044,
  0.23963074686527253,
  0.23826716947555543,
  0.23622013506889344,
  0.2332151052236557,
  0.2326969045162201,
  0.23059936990737914,
  0.23195998928546904,
  0.22675470757484437,
  0.2234006495475769,
  0.2249943608522415,
  0.22758585596084593
 ],
 "train_loss": [
  0.2749065201282501,
  0.27562688734531404,
  0.2717905333518982,
  0.26917901139259337,
  0.26870149426460266,
  0.27034069304466246,
  0.263960627245903,
  0.2571544650554657,
  0.2519957118988037,
  0.24730259795188902,
  0.24586615462303163,
  0.24497999491691588,
  0.243730969786644,
  0.23963428800106049,
  0.2382707106590271,
  0.23622367610931397,
  0.23321864626407623,
  0.23270044598579406,
  0.23060291135311126,
  0.23196353056430816,
  0.22675824880599976,
  0.2234041903972626,
  0.2249979017496109,
  0.2275893968343735
 ],
 "val_mse": [
  1.6395028211805556,
  1.6622914858217592,
  1.6049516239872685,
  1.7120756293402777,
  1.7420835503472223,
  1.6652274848090278,
  1.6558747829861111,
  1.655644603587963,
  1.6302552806712962,
  1.614052734375,
  1.6303845305266205,
  1.5937617006655092,
  1.5756031358506943,
  1.5483690863715278,
  1.5892449182581019,
  1.6078381076388888,
  1.600742259837963,
  1.6504163953993056,
  1.6377864945023148,
  1.6280723741319445,
  1.6619914822048611,
  1.6460204354745371,
  1.7261535915798611,
  1.7229432870370371
 ],
 "cost_term": [
  null,
  null,
  null,
  null,
  null,
  null,
  null,
  null,
  null,
  null,
  null,
  null,
  null,
  null,
  null,
  null,
  null,
  null,
  null,
  null,
  null,
  null,
  null,
  null
 ]
}