{
 "arm": "baseline",
 "epochs_run": 17,
 "best_val_mse": 1.2643329716435185,
 "train_mse": [
  0.3961597305774689,
  0.3957362591743469,
  0.39576331090927125,
  0.39563977036476133,
  0.39389057502746583,
  0.39475726108551024,
  0.3946293566703796,
  0.39548836607933047,
  0.3952070948600769,
  0.39471617703437806,
  0.3940704603672028,
  0.3950273652076721,
  0.39503091564178466,
  0.39392484664916994,
  0.3938050977230072,
  0.3951538034915924,
  0.39535161452293394
 ],
 "train_loss": [
  0.3961597305774689,
  0.3957362591743469,
  0.39576331090927125,
  0.39563977036476133,
  0.39389057502746583,
  0.39475726108551024,
  0.3946293566703796,
  0.39548836607933047,
  0.3952070948600769,
  0.39471617703437806,
  0.3940704603672028,
  0.3950273652076721,
  0.39503091564178466,
  0.39392484664916994,
  0.3938050977230072,
  0.3951538034915924,
  0.39535161452293394
 ],
 "val_mse": [
  1.2708213794849537,
  1.2777732476128472,
  1.2783341019241898,
  1.2761084617332177,
  1.2724879195601853,
  1.2752026186342593,
  1.2643329716435185,
  1.274499267578125,
  1.3053804796006945,
  1.2723826768663193,
  1.266818748191551,
  1.2741429398148147,
  1.2738930754484954,
  1.2655421368634259,
  1.2722671983506944,
  1.2743252043547453,
  1.2784254195601852
 ],
 "cost_term": [
  null,
  null,
  null,
  null,
  null,
  null,
  null,
  null,
  null,
  null,
  null,
  null,
  null,
  null,
  null,
  null,
  null
 ]
}