{
 "arm": "cost",
 "epochs_run": 2,
 "best_val_mse": 1.3777640486352238,
 "train_mse": [
  0.4004919956525167,
  0.4005268763701121
 ],
 "train_loss": [
  0.6941687904993693,
  0.6942103859583537
 ],
 "val_mse": [
  1.3777640486352238,
  1.37855224609375
 ],
 "cost_term": [
  2.9367678235371906,
  2.9368350098927816
 ]
}