{
 "arm": "cost",
 "epochs_run": 15,
 "best_val_mse": 1.2699347782841435,
 "train_mse": [
  0.39574437975883486,
  0.39622448959350587,
  0.3957867088317871,
  0.39487945790290835,
  0.3943034777164459,
  0.3957216322898865,
  0.3950466254234314,
  0.39557469639778137,
  0.39586502227783205,
  0.395410200881958,
  0.3958649119377136,
  0.3957962995529175,
  0.3951868040084839,
  0.3933440454006195,
  0.39464954209327696
 ],
 "train_loss": [
  0.6893812753677369,
  0.6898643182754517,
  0.6894443613052368,
  0.6885684637069702,
  0.6879167268753051,
  0.6893674809455872,
  0.6886810447692872,
  0.6892074970245361,
  0.6895054313659668,
  0.6890451313018798,
  0.6895035728454589,
  0.6894412673950195,
  0.6888332281112671,
  0.6869607442855835,
  0.6883077928543091
 ],
 "val_mse": [
  1.2793421495225694,
  1.2785555555555554,
  1.276692843967014,
  1.3113258644386574,
  1.2699347782841435,
  1.2762495569299768,
  1.2937563024450232,
  1.2788603515625,
  1.2742521430121527,
  1.278811966507523,
  1.2792253598813657,
  1.277933865017361,
  1.2840222529658565,
  1.2735745985243057,
  1.274543502242477
 ],
 "cost_term": [
  2.9363688777923582,
  2.936398238372803,
  2.936576443862915,
  2.9368899944305418,
  2.9361324214935305,
  2.936458422088623,
  2.936344144821167,
  2.9363279281616212,
  2.936404027557373,
  2.936349248123169,
  2.936386555862427,
  2.9364496128082274,
  2.9364641933441162,
  2.9361669052124024,
  2.936582444000244
 ]
}