{
 "arm": "size_aware",
 "epochs_run": 2,
 "best_val_mse": 1.7906598427854938,
 "train_mse": [
  0.2805893460114797,
  0.28006001536051434
 ],
 "train_loss": [
  0.28059096093972524,
  0.28006162770589194
 ],
 "val_mse": [
  1.7935410186390819,
  1.7906598427854938
 ],
 "cost_term": [
  null,
  null
 ]
}