{
  "q": 3.699,
  "n_days": 185,
  "dE_free_mwh": [
    147215.2494325418,
    536082.0700097069,
    48361.35007676115,
    66902.89585734947,
    -60461.63100928297,
    53990.67279002909
  ],
  "dE_off_mwh": [
    -305779.4510785378,
    -333580.1409888138,
    -26183.149221666463,
    -71652.15110833256,
    76907.85538399698,
    -4754.759524795655
  ],
  "targets": [
    "hydro",
    "coal_brown",
    "gas_steam",
    "gas_ocgt",
    "battery_charging",
    "battery_discharging"
  ],
  "violations": {
    "bal_steps": 2,
    "ramp_cells": 0,
    "neg_cells": 0,
    "soc_days": 0
  },
  "consistency_free_mwh": [
    913013.8691756714,
    913013.8691756713
  ],
  "consistency_off_mwh": [
    -818857.5073061433,
    -818877.1189700072
  ]
}