{
  "model": "itransformer_rayenfd+spt",
  "scenario": "increase",
  "g": 20.0,
  "n": 53568,
  "base_WAPE": 2.322174046884308,
  "base_R2": -1.8796460246731153,
  "demand_in_pct": 19.436370000072564,
  "nd_resp_pct": 32.03461258921588,
  "response_capture": 1.0289690648202074,
  "coal_resp_pct": 5.719510390283602,
  "hydro_resp_pct": 114.05528556192303,
  "ocgt_resp_pct": 78.04769826302976,
  "batt_dis_resp_pct": 117.00633465829803,
  "track_free_p50_mw": 84.69204135245809,
  "track_free_p95_mw": 330.00559022717505,
  "bal_own_max_mw": 0.0008678436279296875,
  "n_demand_in": 47793,
  "mismatch_in_pct": 1.9447650823548506,
  "n_ramp": 170,
  "n_ramp_free": 0,
  "n_ramp_seam": 169,
  "n_ramp_tf": 1,
  "ramp_excess_sum_mw": 52321.99228820801,
  "ramp_max_mw": 1770.3209228515625,
  "n_neg": 0,
  "soc_day_feasible_pct": 96.7741935483871,
  "soc_worst_day_pct": 115.79870884201522,
  "soc_window_swing_pct": 7192.164906540491,
  "secs": 152.4
}