{
  "model": "itransformer_rayen",
  "scenario": "increase",
  "g": 10.0,
  "n": 53568,
  "base_WAPE": 0.5810525039662059,
  "base_R2": 0.4528134541480789,
  "demand_in_pct": 9.718185000036291,
  "nd_resp_pct": -0.0029792241745109525,
  "response_capture": -0.00020013730233867696,
  "coal_resp_pct": -0.03691302858265353,
  "hydro_resp_pct": 0.3075948141366255,
  "ocgt_resp_pct": -0.6298423552090607,
  "batt_dis_resp_pct": -1.0622017536609458,
  "track_free_p50_mw": 338.7320774799043,
  "track_free_p95_mw": 1126.6868468648204,
  "bal_own_max_mw": 0.0009937286376953125,
  "n_demand_in": 48179,
  "mismatch_in_pct": 2.8549467006229046,
  "n_ramp": 43,
  "n_ramp_free": 0,
  "n_ramp_seam": 42,
  "n_ramp_tf": 1,
  "ramp_excess_sum_mw": 14885.584960174561,
  "ramp_max_mw": 1478.26953125,
  "n_neg": 0,
  "soc_day_feasible_pct": 99.46236559139786,
  "soc_worst_day_pct": 100.5727429577681,
  "soc_window_swing_pct": 2122.1272164505394,
  "secs": 142.6
}