{
  "model": "itransformer_rayenfd+spt",
  "scenario": "increase",
  "g": 10.0,
  "n": 53568,
  "fd_alloc": "headroom",
  "soc_shield": false,
  "base_WAPE": 2.322174155312918,
  "base_R2": -1.8796461953703572,
  "demand_in_pct": 9.718185000036291,
  "nd_resp_pct": 16.017306248955624,
  "response_capture": 1.0289690615627474,
  "coal_resp_pct": 3.927381478005317,
  "hydro_resp_pct": 50.0413854524262,
  "ocgt_resp_pct": 32.26361298493599,
  "batt_dis_resp_pct": 53.1744644348753,
  "track_free_p50_mw": 78.05899354122448,
  "track_free_p95_mw": 287.92388512161244,
  "bal_own_max_mw": 0.000865936279296875,
  "n_demand_in": 47761,
  "mismatch_in_pct": 1.8698612449933434,
  "n_ramp": 180,
  "n_ramp_free": 0,
  "n_ramp_seam": 178,
  "n_ramp_tf": 2,
  "ramp_excess_sum_mw": 55526.21324920654,
  "ramp_max_mw": 1970.978515625,
  "n_neg": 0,
  "soc_day_feasible_pct": 99.46236559139786,
  "soc_worst_day_pct": 100.81995595963859,
  "soc_window_swing_pct": 4670.277365575181,
  "secs": 160.5
}