{
  "model": "anchor_persistence",
  "scenario": "increase",
  "g": 10.0,
  "n": 53568,
  "base_WAPE": 0.5120232969112282,
  "base_R2": 0.4822995544401216,
  "demand_in_pct": 9.718185000036291,
  "nd_resp_pct": 16.01730638413005,
  "response_capture": 1.028969072352398,
  "coal_resp_pct": 14.60991522760634,
  "hydro_resp_pct": 11.410930100337467,
  "ocgt_resp_pct": 10.634067648862816,
  "batt_dis_resp_pct": 11.95101696752427,
  "track_free_p50_mw": 78.05924960277844,
  "track_free_p95_mw": 287.92390800979604,
  "bal_own_max_mw": 0.0013370513916015625,
  "n_demand_in": 47761,
  "mismatch_in_pct": 1.8698611296287393,
  "n_ramp": 385,
  "n_ramp_free": 267,
  "n_ramp_seam": 90,
  "n_ramp_tf": 28,
  "ramp_excess_sum_mw": 56659.975294876094,
  "ramp_max_mw": 924.319970703125,
  "n_neg": 0,
  "soc_day_feasible_pct": 100.0,
  "soc_worst_day_pct": 99.84223742260838,
  "soc_window_swing_pct": 1350.4063094741646,
  "secs": 13.8
}