{
  "model": "itransformer_rayenfd+spt[share]",
  "scenario": "increase",
  "g": 10.0,
  "n": 53568,
  "fd_alloc": "share",
  "soc_shield": false,
  "base_WAPE": 0.9395248171972478,
  "base_R2": 0.29430632662186895,
  "demand_in_pct": 9.718185000036291,
  "nd_resp_pct": 16.017306098359704,
  "response_capture": 1.0289690518347565,
  "coal_resp_pct": 10.157232321978581,
  "hydro_resp_pct": 65.50110624276884,
  "ocgt_resp_pct": 15.689628454913166,
  "batt_dis_resp_pct": 36.640751817964464,
  "track_free_p50_mw": 78.05915471218395,
  "track_free_p95_mw": 287.9239413883971,
  "bal_own_max_mw": 0.000946044921875,
  "n_demand_in": 47761,
  "mismatch_in_pct": 1.86986121409863,
  "n_ramp": 157,
  "n_ramp_free": 0,
  "n_ramp_seam": 155,
  "n_ramp_tf": 2,
  "ramp_excess_sum_mw": 49189.71529922486,
  "ramp_max_mw": 1413.612548828125,
  "n_neg": 0,
  "soc_day_feasible_pct": 99.46236559139786,
  "soc_worst_day_pct": 102.39880078865966,
  "soc_window_swing_pct": 2902.4251517608236,
  "secs": 166.7
}