{
  "model": "anchor_persistence",
  "scenario": "increase",
  "g": 20.0,
  "n": 53568,
  "base_WAPE": 0.5120232969112282,
  "base_R2": 0.4822995544401216,
  "demand_in_pct": 19.436370000072564,
  "nd_resp_pct": 32.034612525899426,
  "response_capture": 1.028969064567644,
  "coal_resp_pct": 29.219798039224262,
  "hydro_resp_pct": 22.822338792128967,
  "ocgt_resp_pct": 21.26886676747871,
  "batt_dis_resp_pct": 23.903333844865493,
  "track_free_p50_mw": 84.69201464957723,
  "track_free_p95_mw": 330.00546815686255,
  "bal_own_max_mw": 0.0011949539184570312,
  "n_demand_in": 47793,
  "mismatch_in_pct": 1.9447649830820957,
  "n_ramp": 601,
  "n_ramp_free": 341,
  "n_ramp_seam": 92,
  "n_ramp_tf": 168,
  "ramp_excess_sum_mw": 200011.91416511536,
  "ramp_max_mw": 1224.81298828125,
  "n_neg": 0,
  "soc_day_feasible_pct": 99.46236559139786,
  "soc_worst_day_pct": 100.31646682123528,
  "soc_window_swing_pct": 1380.2188891106466,
  "secs": 14.6
}