{
  "model": "anchor_persistence",
  "scenario": "increase",
  "g": 30.0,
  "n": 53568,
  "base_WAPE": 0.5120232969112282,
  "base_R2": 0.4822995544401216,
  "demand_in_pct": 29.15455500010885,
  "nd_resp_pct": 48.05191882711531,
  "response_capture": 1.028969065387064,
  "coal_resp_pct": 43.82966999380105,
  "hydro_resp_pct": 34.23392267701491,
  "ocgt_resp_pct": 31.903932075226027,
  "batt_dis_resp_pct": 35.856013622692245,
  "track_free_p50_mw": 90.84498576136093,
  "track_free_p95_mw": 356.3596269249971,
  "bal_own_max_mw": 0.001373291015625,
  "n_demand_in": 47861,
  "mismatch_in_pct": 2.018785422714241,
  "n_ramp": 668,
  "n_ramp_free": 387,
  "n_ramp_seam": 93,
  "n_ramp_tf": 188,
  "ramp_excess_sum_mw": 371811.18132362363,
  "ramp_max_mw": 1919.5595703125,
  "n_neg": 0,
  "soc_day_feasible_pct": 99.46236559139786,
  "soc_worst_day_pct": 100.79067619387882,
  "soc_window_swing_pct": 1410.032747589377,
  "secs": 14.4
}