{
  "model": "itransformer_rayenfd+spt",
  "scenario": "increase",
  "g": 10.0,
  "n": 53568,
  "base_WAPE": 2.322174046884308,
  "base_R2": -1.8796460246731153,
  "demand_in_pct": 9.718185000036291,
  "nd_resp_pct": 16.017306182597768,
  "response_capture": 1.0289690576245516,
  "coal_resp_pct": 3.92737972066663,
  "hydro_resp_pct": 50.04139302814298,
  "ocgt_resp_pct": 32.263616486100325,
  "batt_dis_resp_pct": 53.174475318037324,
  "track_free_p50_mw": 78.05907746456433,
  "track_free_p95_mw": 287.9240281727599,
  "bal_own_max_mw": 0.000865936279296875,
  "n_demand_in": 47761,
  "mismatch_in_pct": 1.8698612466669398,
  "n_ramp": 180,
  "n_ramp_free": 0,
  "n_ramp_seam": 178,
  "n_ramp_tf": 2,
  "ramp_excess_sum_mw": 55526.21895599365,
  "ramp_max_mw": 1970.978515625,
  "n_neg": 0,
  "soc_day_feasible_pct": 99.46236559139786,
  "soc_worst_day_pct": 100.81995483465539,
  "soc_window_swing_pct": 4670.277528910467,
  "secs": 156.4
}