{
  "model": "itransformer_rayenfd+spt",
  "scenario": "increase",
  "g": 5.0,
  "n": 53568,
  "base_WAPE": 2.322174046884308,
  "base_R2": -1.8796460246731153,
  "demand_in_pct": 4.8590925000181455,
  "nd_resp_pct": 8.00865324100365,
  "response_capture": 1.0289690768589452,
  "coal_resp_pct": 2.6941705578002493,
  "hydro_resp_pct": 20.702835874451544,
  "ocgt_resp_pct": 12.976845861157424,
  "batt_dis_resp_pct": 22.24201437146248,
  "track_free_p50_mw": 74.3246666155867,
  "track_free_p95_mw": 257.0739986212632,
  "bal_own_max_mw": 0.00093841552734375,
  "n_demand_in": 47741,
  "mismatch_in_pct": 1.833376610408097,
  "n_ramp": 185,
  "n_ramp_free": 0,
  "n_ramp_seam": 183,
  "n_ramp_tf": 2,
  "ramp_excess_sum_mw": 59613.18057632446,
  "ramp_max_mw": 2054.5660400390625,
  "n_neg": 0,
  "soc_day_feasible_pct": 100.0,
  "soc_worst_day_pct": 92.35404775873032,
  "soc_window_swing_pct": 3417.495245489063,
  "secs": 141.8
}