{
  "model": "lstm_task7+DR",
  "scenario": "increase",
  "g": 10.0,
  "n": 53568,
  "base_WAPE": 6.462928338525425,
  "base_R2": -38.14609554279056,
  "demand_in_pct": 9.718185000036291,
  "nd_resp_pct": 6.607653800100599,
  "response_capture": 0.5508837958357393,
  "coal_resp_pct": 6.501560518606296,
  "hydro_resp_pct": 4.3348000303134535,
  "ocgt_resp_pct": -1.075599790563433,
  "batt_dis_resp_pct": -7.0794099278418035,
  "track_free_p50_mw": 246.39808512601212,
  "track_free_p95_mw": 3267.2549259374987,
  "bal_own_max_mw": 0.00170135498046875,
  "n_demand_in": 49376,
  "mismatch_in_pct": 4.787439025744081,
  "n_ramp": 345,
  "n_ramp_free": 0,
  "n_ramp_seam": 340,
  "n_ramp_tf": 5,
  "ramp_excess_sum_mw": 258122.75275020598,
  "ramp_max_mw": 1949.0034576416015,
  "n_neg": 0,
  "soc_day_feasible_pct": 100.0,
  "soc_worst_day_pct": 90.0869524652546,
  "soc_window_swing_pct": 3049.567026338338,
  "secs": 427.7
}