{
  "model": "itransformer_rayenfd+spt[invvar]",
  "scenario": "increase",
  "g": 10.0,
  "n": 53568,
  "fd_alloc": "invvar",
  "soc_shield": false,
  "base_WAPE": 1.8961751091856751,
  "base_R2": -0.7051679443572437,
  "demand_in_pct": 9.718185000036291,
  "nd_resp_pct": 16.01730622010123,
  "response_capture": 1.0289690600144825,
  "coal_resp_pct": 5.094827670793284,
  "hydro_resp_pct": 46.41429925545836,
  "ocgt_resp_pct": 64.06806855673362,
  "batt_dis_resp_pct": 47.38931724812203,
  "track_free_p50_mw": 78.05924340389538,
  "track_free_p95_mw": 287.9241569187926,
  "bal_own_max_mw": 0.000823974609375,
  "n_demand_in": 47761,
  "mismatch_in_pct": 1.8698612680942874,
  "n_ramp": 366,
  "n_ramp_free": 0,
  "n_ramp_seam": 206,
  "n_ramp_tf": 160,
  "ramp_excess_sum_mw": 82210.7823387146,
  "ramp_max_mw": 2059.599609375,
  "n_neg": 0,
  "soc_day_feasible_pct": 99.46236559139786,
  "soc_worst_day_pct": 101.04622705194859,
  "soc_window_swing_pct": 4468.286893732947,
  "secs": 171.8
}