{
  "model": "anchor_persistence",
  "scenario": "increase",
  "g": 5.0,
  "n": 53568,
  "base_WAPE": 0.5120232969112282,
  "base_R2": 0.4822995544401216,
  "demand_in_pct": 4.8590925000181455,
  "nd_resp_pct": 8.008652969217655,
  "response_capture": 1.0289690437204886,
  "coal_resp_pct": 7.304963537192195,
  "hydro_resp_pct": 5.705371224791137,
  "ocgt_resp_pct": 5.3169023516451555,
  "batt_dis_resp_pct": 5.97525048368881,
  "track_free_p50_mw": 74.32487594709914,
  "track_free_p95_mw": 257.0739552290818,
  "bal_own_max_mw": 0.0011949539184570312,
  "n_demand_in": 47741,
  "mismatch_in_pct": 1.8333764866334117,
  "n_ramp": 220,
  "n_ramp_free": 135,
  "n_ramp_seam": 85,
  "n_ramp_tf": 0,
  "ramp_excess_sum_mw": 28188.914180374144,
  "ramp_max_mw": 839.3255859375,
  "n_neg": 0,
  "soc_day_feasible_pct": 100.0,
  "soc_worst_day_pct": 99.60511346922515,
  "soc_window_swing_pct": 1335.501208314169,
  "secs": 14.3
}