{
  "model": "itransformer_rayenfd+spt",
  "scenario": "increase",
  "g": 30.0,
  "n": 53568,
  "base_WAPE": 2.322174046884308,
  "base_R2": -1.8796460246731153,
  "demand_in_pct": 29.15455500010885,
  "nd_resp_pct": 48.04929568571237,
  "response_capture": 1.0289128924597633,
  "coal_resp_pct": 7.69989503031793,
  "hydro_resp_pct": 180.23709142202983,
  "ocgt_resp_pct": 133.134665736461,
  "batt_dis_resp_pct": 183.11436429791704,
  "track_free_p50_mw": 90.84519175501327,
  "track_free_p95_mw": 356.3595232129152,
  "bal_own_max_mw": 160.30135917663574,
  "n_demand_in": 47861,
  "mismatch_in_pct": 2.0185854202120987,
  "n_ramp": 259,
  "n_ramp_free": 0,
  "n_ramp_seam": 169,
  "n_ramp_tf": 90,
  "ramp_excess_sum_mw": 56227.59804897309,
  "ramp_max_mw": 1600.33984375,
  "n_neg": 0,
  "soc_day_feasible_pct": 88.70967741935483,
  "soc_worst_day_pct": 133.98505209980837,
  "soc_window_swing_pct": 9522.335083902373,
  "secs": 143.9
}