{
  "model": "itransformer_rayenfd+spt[share][soc]",
  "scenario": "increase",
  "g": 30.0,
  "n": 53568,
  "fd_alloc": "share",
  "soc_shield": true,
  "base_WAPE": 0.9333935418512574,
  "base_R2": 0.3028721573958029,
  "demand_in_pct": 29.15455500010885,
  "nd_resp_pct": 47.9771998449617,
  "response_capture": 1.027369053545514,
  "coal_resp_pct": 11.868795678214509,
  "hydro_resp_pct": 331.2788912325673,
  "ocgt_resp_pct": 198.3472286396091,
  "batt_dis_resp_pct": 299.4916810678642,
  "track_free_p50_mw": 90.96399277476212,
  "track_free_p95_mw": 356.484252675804,
  "bal_own_max_mw": 822.9230728149414,
  "n_demand_in": 47860,
  "mismatch_in_pct": 2.014634625212143,
  "n_ramp": 425,
  "n_ramp_free": 0,
  "n_ramp_seam": 142,
  "n_ramp_tf": 283,
  "ramp_excess_sum_mw": 79813.57828445436,
  "ramp_max_mw": 1598.892822265625,
  "n_neg": 0,
  "soc_day_feasible_pct": 100.0,
  "soc_worst_day_pct": 61.01327299296551,
  "soc_window_swing_pct": 132.99857477177198,
  "secs": 180.9
}