{
  "model": "itransformer_rayenfd+spt[share]",
  "scenario": "increase",
  "g": 30.0,
  "n": 53568,
  "fd_alloc": "share",
  "soc_shield": false,
  "base_WAPE": 0.9395248171972478,
  "base_R2": 0.29430632662186895,
  "demand_in_pct": 29.15455500010885,
  "nd_resp_pct": 48.02718788372186,
  "response_capture": 1.028439482385116,
  "coal_resp_pct": 10.308005339337736,
  "hydro_resp_pct": 321.77860289331386,
  "ocgt_resp_pct": 190.36186618444535,
  "batt_dis_resp_pct": 464.45961473356704,
  "track_free_p50_mw": 90.96399277476212,
  "track_free_p95_mw": 356.3594364285524,
  "bal_own_max_mw": 160.30135917663574,
  "n_demand_in": 47861,
  "mismatch_in_pct": 2.017732723641359,
  "n_ramp": 376,
  "n_ramp_free": 0,
  "n_ramp_seam": 150,
  "n_ramp_tf": 226,
  "ramp_excess_sum_mw": 85610.79466571807,
  "ramp_max_mw": 1714.7274169921875,
  "n_neg": 0,
  "soc_day_feasible_pct": 96.7741935483871,
  "soc_worst_day_pct": 135.69112528853591,
  "soc_window_swing_pct": 6225.549031352199,
  "secs": 163.6
}