{
  "model": "itransformer_task7+DR",
  "scenario": "increase",
  "g": 10.0,
  "n": 53568,
  "base_WAPE": 115.72105429112271,
  "base_R2": -7878.548722383598,
  "demand_in_pct": 9.718185000036291,
  "nd_resp_pct": -50.19903557531799,
  "response_capture": -18.078600931555233,
  "coal_resp_pct": -27.824770161407365,
  "hydro_resp_pct": -62.36564075678364,
  "ocgt_resp_pct": -60.91359511736601,
  "batt_dis_resp_pct": -64.13863014329301,
  "track_free_p50_mw": 218.83738072493747,
  "track_free_p95_mw": 20658.140926329816,
  "bal_own_max_mw": 0.00698089599609375,
  "n_demand_in": 49999,
  "mismatch_in_pct": 16.811670819276394,
  "n_ramp": 652,
  "n_ramp_free": 0,
  "n_ramp_seam": 652,
  "n_ramp_tf": 0,
  "ramp_excess_sum_mw": 6180858.0700243,
  "ramp_max_mw": 25446.44810180664,
  "n_neg": 0,
  "soc_day_feasible_pct": 100.0,
  "soc_worst_day_pct": 89.0469226686468,
  "soc_window_swing_pct": 834.5492501623283,
  "secs": 144.3
}