{
  "model": "lstm_rayen",
  "scenario": "increase",
  "g": 10.0,
  "n": 53568,
  "base_WAPE": 0.5876950196341674,
  "base_R2": 0.5100049914411074,
  "demand_in_pct": 9.718185000036291,
  "nd_resp_pct": -0.0033496325678816635,
  "response_capture": -0.00022516555659565275,
  "coal_resp_pct": -0.0018389929474588156,
  "hydro_resp_pct": -0.156259202018088,
  "ocgt_resp_pct": 0.04375561784518554,
  "batt_dis_resp_pct": -0.26213404378030747,
  "track_free_p50_mw": 339.23718391549824,
  "track_free_p95_mw": 1123.76871731966,
  "bal_own_max_mw": 0.0010585784912109375,
  "n_demand_in": 48121,
  "mismatch_in_pct": 2.844744935418918,
  "n_ramp": 41,
  "n_ramp_free": 0,
  "n_ramp_seam": 41,
  "n_ramp_tf": 0,
  "ramp_excess_sum_mw": 12770.819713020324,
  "ramp_max_mw": 1233.564453125,
  "n_neg": 0,
  "soc_day_feasible_pct": 100.0,
  "soc_worst_day_pct": 90.7946302362388,
  "soc_window_swing_pct": 423.767088224216,
  "secs": 422.3
}