{
  "model": "itransformer_rayenfd+spt[share][soc]",
  "scenario": "increase",
  "g": 10.0,
  "n": 53568,
  "fd_alloc": "share",
  "soc_shield": true,
  "base_WAPE": 0.9333935418512574,
  "base_R2": 0.3028721573958029,
  "demand_in_pct": 9.718185000036291,
  "nd_resp_pct": 16.017306169624387,
  "response_capture": 1.0289690561149198,
  "coal_resp_pct": 10.191368764660968,
  "hydro_resp_pct": 65.72820040450581,
  "ocgt_resp_pct": 15.793276899582885,
  "batt_dis_resp_pct": 33.99735543755329,
  "track_free_p50_mw": 78.05915471218395,
  "track_free_p95_mw": 287.92378117111195,
  "bal_own_max_mw": 0.000946044921875,
  "n_demand_in": 47761,
  "mismatch_in_pct": 1.869861218971364,
  "n_ramp": 199,
  "n_ramp_free": 0,
  "n_ramp_seam": 154,
  "n_ramp_tf": 45,
  "ramp_excess_sum_mw": 49692.19850215912,
  "ramp_max_mw": 1353.1142578125,
  "n_neg": 0,
  "soc_day_feasible_pct": 100.0,
  "soc_worst_day_pct": 71.02053913392528,
  "soc_window_swing_pct": 83.08872454904629,
  "secs": 181.1
}