{
  "model": "persistence",
  "scenario": "reshape",
  "g": 4.855642251802301,
  "n": 53568,
  "base_WAPE": 0.4854770812304827,
  "base_R2": 0.47699977043773917,
  "demand_in_pct": 45.63601813066939,
  "nd_resp_pct": 0.0,
  "response_capture": 0.0,
  "coal_resp_pct": 0.0,
  "hydro_resp_pct": 0.0,
  "ocgt_resp_pct": 0.0,
  "batt_dis_resp_pct": 0.0,
  "track_free_p50_mw": 1962.834655367801,
  "track_free_p95_mw": 2931.5296376066417,
  "bal_own_max_mw": 0.000865936279296875,
  "n_demand_in": 53406,
  "mismatch_in_pct": 12.270096239041733,
  "n_ramp": 41,
  "n_ramp_free": 0,
  "n_ramp_seam": 41,
  "n_ramp_tf": 0,
  "ramp_excess_sum_mw": 12894.87368659973,
  "ramp_max_mw": 1256.90625,
  "n_neg": 0,
  "soc_day_feasible_pct": 100.0,
  "soc_worst_day_pct": 99.82458385307054,
  "soc_window_swing_pct": 1268.781233155251,
  "secs": 5.0
}