{
  "model": "anchor_persistence",
  "scenario": "reshape",
  "g": 4.855642251802301,
  "n": 53568,
  "base_WAPE": 0.5120232969112282,
  "base_R2": 0.4822995544401216,
  "demand_in_pct": 45.63601813066939,
  "nd_resp_pct": 75.41570185425894,
  "response_capture": 1.0316966819814652,
  "coal_resp_pct": 69.07141772302124,
  "hydro_resp_pct": 47.25089654936928,
  "ocgt_resp_pct": 44.078481477038615,
  "batt_dis_resp_pct": 52.06994321388713,
  "track_free_p50_mw": 74.77877845550938,
  "track_free_p95_mw": 289.0422927220209,
  "bal_own_max_mw": 0.0015869140625,
  "n_demand_in": 47568,
  "mismatch_in_pct": 2.141516685806819,
  "n_ramp": 576,
  "n_ramp_free": 290,
  "n_ramp_seam": 87,
  "n_ramp_tf": 199,
  "ramp_excess_sum_mw": 723496.887001419,
  "ramp_max_mw": 2915.7216796875,
  "n_neg": 0,
  "soc_day_feasible_pct": 100.0,
  "soc_worst_day_pct": 95.7387442915946,
  "soc_window_swing_pct": 828.7118734441873,
  "secs": 14.7
}