{
  "model": "lstm_rayen",
  "scenario": "reshape",
  "g": 4.855642251802301,
  "n": 53568,
  "base_WAPE": 0.5876950196341674,
  "base_R2": 0.5100049914411074,
  "demand_in_pct": 45.63601813066939,
  "nd_resp_pct": -0.014417719429868907,
  "response_capture": -0.00020638530674734712,
  "coal_resp_pct": -0.007950877606264197,
  "hydro_resp_pct": -0.7580394613308629,
  "ocgt_resp_pct": 0.24054934181240953,
  "batt_dis_resp_pct": 3.2254799298128964,
  "track_free_p50_mw": 1961.456888997327,
  "track_free_p95_mw": 2931.436540639343,
  "bal_own_max_mw": 0.0011577606201171875,
  "n_demand_in": 53404,
  "mismatch_in_pct": 12.247885108541494,
  "n_ramp": 41,
  "n_ramp_free": 0,
  "n_ramp_seam": 41,
  "n_ramp_tf": 0,
  "ramp_excess_sum_mw": 12782.539780044555,
  "ramp_max_mw": 1234.097412109375,
  "n_neg": 0,
  "soc_day_feasible_pct": 100.0,
  "soc_worst_day_pct": 90.79779603686872,
  "soc_window_swing_pct": 404.09504756477116,
  "secs": 524.1
}