{
  "model": "itransformer_rayen",
  "scenario": "reshape",
  "g": 4.855642251802301,
  "n": 53568,
  "base_WAPE": 0.5810525039662059,
  "base_R2": 0.4528134541480789,
  "demand_in_pct": 45.63601813066939,
  "nd_resp_pct": -0.023598636305377823,
  "response_capture": -0.00033758969687331275,
  "coal_resp_pct": 0.08030364999059551,
  "hydro_resp_pct": 1.9228207052174389,
  "ocgt_resp_pct": 0.7242099921230519,
  "batt_dis_resp_pct": -18.79524819137861,
  "track_free_p50_mw": 1963.6357963312284,
  "track_free_p95_mw": 2932.019307491468,
  "bal_own_max_mw": 0.001186370849609375,
  "n_demand_in": 53408,
  "mismatch_in_pct": 12.290765703922414,
  "n_ramp": 43,
  "n_ramp_free": 0,
  "n_ramp_seam": 42,
  "n_ramp_tf": 1,
  "ramp_excess_sum_mw": 14040.20028038025,
  "ramp_max_mw": 1396.32470703125,
  "n_neg": 0,
  "soc_day_feasible_pct": 99.46236559139786,
  "soc_worst_day_pct": 100.15381420654793,
  "soc_window_swing_pct": 1965.6474814054218,
  "secs": 141.0
}