{
  "model": "itransformer_rayenfd+spt",
  "scenario": "reshape",
  "g": 4.855642251802301,
  "n": 53568,
  "base_WAPE": 2.322174046884308,
  "base_R2": -1.8796460246731153,
  "demand_in_pct": 45.63601813066939,
  "nd_resp_pct": 75.23853251567321,
  "response_capture": 1.0292729804359868,
  "coal_resp_pct": 11.287093713123227,
  "hydro_resp_pct": 287.1830126528739,
  "ocgt_resp_pct": 239.91224019058618,
  "batt_dis_resp_pct": 305.117990078523,
  "track_free_p50_mw": 75.34326982588618,
  "track_free_p95_mw": 302.8167408757474,
  "bal_own_max_mw": 725.1068382263184,
  "n_demand_in": 47570,
  "mismatch_in_pct": 2.1418510773170927,
  "n_ramp": 536,
  "n_ramp_free": 0,
  "n_ramp_seam": 167,
  "n_ramp_tf": 369,
  "ramp_excess_sum_mw": 71654.0765630722,
  "ramp_max_mw": 1423.5791015625,
  "n_neg": 0,
  "soc_day_feasible_pct": 93.01075268817203,
  "soc_worst_day_pct": 126.17094512890502,
  "soc_window_swing_pct": 3394.0640263853306,
  "secs": 167.4
}