{
  "model": "itransformer_task7+DR",
  "scenario": "reshape",
  "g": 4.855642251802301,
  "n": 53568,
  "base_WAPE": 115.72105429112271,
  "base_R2": -7878.548722383598,
  "demand_in_pct": 45.63601813066939,
  "nd_resp_pct": -46.78114431498801,
  "response_capture": -3.587713078792682,
  "coal_resp_pct": -23.046129764287898,
  "hydro_resp_pct": -60.63650133559384,
  "ocgt_resp_pct": -57.51000684460166,
  "batt_dis_resp_pct": -65.34343201278966,
  "track_free_p50_mw": 345.1288697831037,
  "track_free_p95_mw": 19412.54170253288,
  "bal_own_max_mw": 0.006259918212890625,
  "n_demand_in": 53362,
  "mismatch_in_pct": 29.048520130868862,
  "n_ramp": 633,
  "n_ramp_free": 0,
  "n_ramp_seam": 532,
  "n_ramp_tf": 101,
  "ramp_excess_sum_mw": 4721400.019331741,
  "ramp_max_mw": 22672.64143066406,
  "n_neg": 0,
  "soc_day_feasible_pct": 98.9247311827957,
  "soc_worst_day_pct": 114.95401154365787,
  "soc_window_swing_pct": 917.8490100985076,
  "secs": 160.5
}