{
  "model": "lstm_task7+DR",
  "scenario": "reshape",
  "g": 4.855642251802301,
  "n": 53568,
  "base_WAPE": 6.462928338525425,
  "base_R2": -38.14609554279056,
  "demand_in_pct": 45.63601813066939,
  "nd_resp_pct": 52.05807915229822,
  "response_capture": 0.9242261982132142,
  "coal_resp_pct": 26.533977800610263,
  "hydro_resp_pct": 157.4288450044986,
  "ocgt_resp_pct": 119.8161317445643,
  "batt_dis_resp_pct": 125.119951659622,
  "track_free_p50_mw": 1100.723105989476,
  "track_free_p95_mw": 3047.9019236648714,
  "bal_own_max_mw": 0.00177001953125,
  "n_demand_in": 53158,
  "mismatch_in_pct": 9.157608182420013,
  "n_ramp": 789,
  "n_ramp_free": 0,
  "n_ramp_seam": 642,
  "n_ramp_tf": 147,
  "ramp_excess_sum_mw": 379546.6014871597,
  "ramp_max_mw": 1865.949609375,
  "n_neg": 0,
  "soc_day_feasible_pct": 100.0,
  "soc_worst_day_pct": 95.76208126461894,
  "soc_window_swing_pct": 4557.909848852511,
  "secs": 511.5
}