{
  "train_mse": [
    0.10389607147867806,
    0.05448398020443422,
    0.04760045403574022,
    0.044285057243133814,
    0.04261700551365023,
    0.04173501413837771,
    0.041010594802017894,
    0.04035146401562609,
    0.03995115432679375,
    0.039693784287831865,
    0.03938645260217034,
    0.03917183626640437,
    0.03880817620692966,
    0.0385725655363774,
    0.03844807481224942,
    0.03835616043168251,
    0.038094717481193884,
    0.03803610230427572,
    0.03787737178131706,
    0.03767313754238258,
    0.03758614743853748,
    0.03730017783822393,
    0.03723084355916283,
    0.037085095783144326,
    0.03689992596102281,
    0.036809893603497575,
    0.03661022378230392,
    0.03652715660643262,
    0.03636716949141285,
    0.03620592961987231,
    0.03609625767986072,
    0.03594209803297327,
    0.03591897910188106,
    0.03576450201035753,
    0.03555146767540234,
    0.035424256482599684
  ],
  "val_mse": [
    0.0391182490469267,
    0.034068626972536244,
    0.03249411704018712,
    0.03213392454199493,
    0.031566924803579845,
    0.03148425184190273,
    0.031002171880876023,
    0.030995084438472986,
    0.031316264222065605,
    0.031062944636990625,
    0.030866622691974044,
    0.03165705346812805,
    0.030914062556500237,
    0.030931141305093963,
    0.031105458891640108,
    0.030627952190116048,
    0.030793454808493454,
    0.03191999035576979,
    0.03097623602176706,
    0.03129044578721126,
    0.030948112330709893,
    0.030921646393835545,
    0.03105291537940502,
    0.031055025445918243,
    0.030949678737670183,
    0.030897493396575253,
    0.03178546476798753,
    0.031185148904720943,
    0.033407919419308506,
    0.031144338194280863,
    0.031096089088047545,
    0.03154531237669289,
    0.031311221265544496,
    0.03163449551599721,
    0.03197087479444841,
    0.03126757359132171
  ],
  "best_val_mse": 0.030627952190116048,
  "epochs_run": 36
}