{
  "per_target": {
    "hydro": {
      "MAE": 18.70020294189453,
      "RMSE": 40.19923782348633,
      "WAPE": 0.06412044912576675,
      "R2": 0.9895063021846635
    },
    "coal_brown": {
      "MAE": 27.68613052368164,
      "RMSE": 38.805946350097656,
      "WAPE": 0.007662554737180471,
      "R2": 0.9965598762519078
    },
    "gas_steam": {
      "MAE": 0.4015200138092041,
      "RMSE": 3.1193747520446777,
      "WAPE": 0.09190758317708969,
      "R2": 0.9936326491482254
    },
    "gas_ocgt": {
      "MAE": 2.28532338142395,
      "RMSE": 8.617551803588867,
      "WAPE": 0.061891064047813416,
      "R2": 0.9956745562662384
    },
    "battery_charging": {
      "MAE": 32.06058883666992,
      "RMSE": 54.90605163574219,
      "WAPE": 0.22080884873867035,
      "R2": 0.9395792553000364
    },
    "battery_discharging": {
      "MAE": 28.588966369628906,
      "RMSE": 51.06941604614258,
      "WAPE": 0.23279313743114471,
      "R2": 0.9443205518654285
    }
  },
  "average": {
    "MAE": 18.287122011184692,
    "RMSE": 32.78626306851705,
    "WAPE": 0.11319727287627757,
    "R2": 0.9765455318360833
  },
  "arch": "itransformer_totdem",
  "input_mode": "net_dispatch_totdem",
  "metric_evaluation": "5min_native",
  "n_params": 436737,
  "best_val_mse": 0.030627952190116048,
  "epochs_run": 36
}