{
  "macro_WAPE": 0.43090538306395826,
  "per_channel_WAPE": {
    "hydro": 0.379727332569659,
    "coal_brown": 0.022005190112862002,
    "gas_steam": 0.32699762317939424,
    "gas_ocgt": 0.4703655390799134,
    "battery_charging": 0.3132169363773122,
    "battery_discharging": 1.0731196770646085
  },
  "ramp_violations": 0,
  "n_neg": 0,
  "balance_resid_max_mw": 616.7805021000627,
  "method": "bilstm",
  "note": "no-penalty pilot (the committed model)"
}