{
  "macro_WAPE": 0.38188552640280166,
  "per_channel_WAPE": {
    "hydro": 0.343936448849596,
    "coal_brown": 0.026197485435003533,
    "gas_steam": 0.2537679479619838,
    "gas_ocgt": 0.27988453199815794,
    "battery_charging": 0.31262432358043946,
    "battery_discharging": 1.0749024205916295
  },
  "ramp_violations": 0,
  "n_neg": 0,
  "balance_resid_max_mw": 435.5119109551383,
  "method": "bilstm",
  "epochs": 25,
  "n_train": 16000,
  "perturb": 0.0,
  "context": 48
}