{
  "macro_WAPE": 0.4395108528171243,
  "per_channel_WAPE": {
    "hydro": 0.36956887934549326,
    "coal_brown": 0.031943166891357434,
    "gas_steam": 0.5083578529211243,
    "gas_ocgt": 0.23316910475025418,
    "battery_charging": 0.29127540984278083,
    "battery_discharging": 1.202750703151736
  },
  "ramp_violations": 0,
  "n_neg": 0,
  "balance_resid_max_mw": 233.64123804487144,
  "method": "bilstm",
  "epochs": 100,
  "n_train": 30000,
  "perturb": 0.0,
  "context": 48
}