{
  "n_steps": 53568,
  "n_days": 186,
  "n_time_gaps": 0,
  "ramp_violations": 0,
  "ramp_max_over_mw": 1.2207031204525265e-05,
  "ramp_violations_at_midnight_seams": 0,
  "n_neg": 0,
  "balance_resid_max_mw": 0.23467318743041687,
  "balance_resid_p95_mw": 9.094947017729282e-13,
  "soc_worst_day_swing_mwh": 3798.8991020230155,
  "soc_worst_day_pct_of_pack": 80.21747562736664,
  "soc_infeasible_days": 0,
  "tag": "shift_reference_q3.699"
}