{
  "tag": "scenario(g=10)",
  "g": 10.0,
  "n_days": 186,
  "capture": 0.9396099219431521,
  "resp_pct": {
    "hydro": 110.47822166327302,
    "coal_brown": 6.02415584745842,
    "gas_steam": 19.81498243967634,
    "gas_ocgt": 88.05784810514888,
    "battery_charging": -32.41376365280525,
    "battery_discharging": 41.47248389811771
  },
  "track_p50_mw": 7.018275198973697,
  "track_p95_mw": 33.90616028425984,
  "ramp_violations_incl_seams": 0,
  "n_neg": 0,
  "balance_resid_max_mw": 162.27557107714438,
  "soc_infeasible_gapdays": 0
}