{
  "tag": "itransformer_rayenfd_hist_s0",
  "arch": "itransformer_rayenfd",
  "seed": 0,
  "dataset": "hist",
  "device": "cpu",
  "recipe": {
    "epochs": 40,
    "patience": 10,
    "batch": 128
  },
  "lr": 0.0001,
  "epochs_run": 40,
  "stride": 1,
  "best_val_mse": 0.4571584178623706,
  "secs": 22850.56512284279,
  "metrics": {
    "per_target": {
      "hydro": {
        "MAE": 16.589401245117188,
        "RMSE": 42.67506408691406,
        "WAPE": 0.056224137471793376,
        "R2": 0.9881971549903931
      },
      "coal_brown": {
        "MAE": 33.04362106323242,
        "RMSE": 47.52560043334961,
        "WAPE": 0.00904257668818341,
        "R2": 0.9958363566729491
      },
      "gas_steam": {
        "MAE": 0.28221604228019714,
        "RMSE": 2.970977544784546,
        "WAPE": 0.036020691210458755,
        "R2": 0.99681841724897
      },
      "gas_ocgt": {
        "MAE": 4.5331268310546875,
        "RMSE": 13.39889144897461,
        "WAPE": 0.05462108881592747,
        "R2": 0.9947677066924404
      },
      "battery_charging": {
        "MAE": 31.232330322265625,
        "RMSE": 59.545928955078125,
        "WAPE": 0.24497344619615113,
        "R2": 0.9150755112125198
      },
      "battery_discharging": {
        "MAE": 29.048587799072266,
        "RMSE": 56.106544494628906,
        "WAPE": 0.27316857694083446,
        "R2": 0.9146457511144876
      }
    },
    "average": {
      "MAE": 19.1215472171704,
      "RMSE": 37.03716782728831,
      "WAPE": 0.11234175288722477,
      "R2": 0.96755681632196
    }
  },
  "balance_resid_max_mw_vs_ndin": 0.0008905706354198628,
  "balance_resid_mean_mw_vs_ndin": 0.00014435277708554114,
  "n_ramp_vs_prev": 0,
  "n_neg": 0
}