{
  "1h": {
    "resolution": "1h",
    "n_rows": 8760,
    "per_target": {
      "hydro": {
        "P_min": -1.83,
        "P_max": 1794.3829166666667,
        "delta_min": -910.2908333333332,
        "delta_max": 992.2246166666666,
        "abs_delta_p95": 349.7945075000001,
        "abs_delta_p99": 558.0078416666666
      },
      "coal_brown": {
        "P_min": 1160.7448000000002,
        "P_max": 4869.481816666666,
        "delta_min": -1170.5520833333335,
        "delta_max": 1416.848958333333,
        "abs_delta_p95": 555.9593624999999,
        "abs_delta_p99": 870.3244281666665
      },
      "gas_steam": {
        "P_min": 0.0,
        "P_max": 511.5625,
        "delta_min": -374.0,
        "delta_max": 284.03125,
        "abs_delta_p95": 88.66250000000002,
        "abs_delta_p99": 198.83312500000005
      },
      "gas_ocgt": {
        "P_min": -0.5,
        "P_max": 1725.2652500000002,
        "delta_min": -644.260525,
        "delta_max": 678.1923750000001,
        "abs_delta_p95": 184.01451166666672,
        "abs_delta_p99": 317.37446283333344
      },
      "battery_charging": {
        "P_min": 0.11974999999999998,
        "P_max": 1398.6949833333335,
        "delta_min": -1018.2333750000003,
        "delta_max": 796.0451333333333,
        "abs_delta_p95": 270.9526966666668,
        "abs_delta_p99": 435.14954333333344
      },
      "battery_discharging": {
        "P_min": 0.0,
        "P_max": 1361.4591333333333,
        "delta_min": -824.7367916666667,
        "delta_max": 1115.8600999999999,
        "abs_delta_p95": 324.37847000000056,
        "abs_delta_p99": 524.3114455
      }
    }
  },
  "5min": {
    "resolution": "5min",
    "n_rows": 105120,
    "per_target": {
      "hydro": {
        "P_min": -6.385,
        "P_max": 1833.58,
        "delta_min": -575.3100000000001,
        "delta_max": 790.6600000000001,
        "abs_delta_p95": 99.10199999999985,
        "abs_delta_p99": 202.60828199999992
      },
      "coal_brown": {
        "P_min": 1122.9688,
        "P_max": 4895.7188,
        "delta_min": -566.7811999999999,
        "delta_max": 268.37499999999955,
        "abs_delta_p95": 93.56561999999971,
        "abs_delta_p99": 142.30686599999976
      },
      "gas_steam": {
        "P_min": 0.0,
        "P_max": 513.75,
        "delta_min": -499.875,
        "delta_max": 58.875,
        "abs_delta_p95": 3.75,
        "abs_delta_p99": 36.0
      },
      "gas_ocgt": {
        "P_min": -7.0,
        "P_max": 1748.5964,
        "delta_min": -193.03880000000004,
        "delta_max": 262.89549999999997,
        "abs_delta_p95": 30.902209999999865,
        "abs_delta_p99": 65.5
      },
      "battery_charging": {
        "P_min": 0.0002,
        "P_max": 1611.5257,
        "delta_min": -863.0927,
        "delta_max": 794.9521,
        "abs_delta_p95": 142.60777999999996,
        "abs_delta_p99": 244.88479999999984
      },
      "battery_discharging": {
        "P_min": 0.0,
        "P_max": 1687.4427,
        "delta_min": -670.8385,
        "delta_max": 715.045,
        "abs_delta_p95": 135.89801999999997,
        "abs_delta_p99": 235.27875999999986
      }
    }
  }
}