{
  "model": "lstm_revin_demandhead",
  "R2": 0.8928972447978083,
  "WAPE": 0.33752961090331324,
  "response": {
    "hydro": 121.82109695733926,
    "coal_brown": 153.75233989760412,
    "gas_steam": 129.98516236449137,
    "gas_ocgt": 133.1646637098185,
    "battery_charging": -5.267634198649014,
    "battery_discharging": 221.31983134754154,
    "net_demand": 179.15402914444692
  },
  "epochs": 28,
  "secs": 2348.949138879776,
  "dem_in": 101.17580274631814,
  "n_train": 82080
}