{
  "model": "lstm_task7",
  "n": 108,
  "WAPE": 0.20098077789695742,
  "R2": 0.9613584148858151,
  "nd_WAPE": 0.023346359366788704,
  "bal_own_max_mw": 99.45832252502441,
  "n_demand_own": 45,
  "n_demand_act": 94,
  "mismatch_act_pct": 2.361892854549531,
  "n_neg": 109,
  "n_ramp_vs_prev": 0,
  "soc_day_feasible_pct": 47.22222222222222,
  "soc_worst_day_pct": 658.9957287760692
}