{
  "model": "itransformer_task7",
  "n": 4320,
  "n_episodes": 15,
  "cl_WAPE": 1.4330132804618811,
  "n_ramp": 106,
  "ramp_excess_pct": 0.04760676472945758,
  "bal_own_max_mw": 51099.63751570159,
  "n_demand_act": 4301,
  "mismatch_act_pct": 108.80821496754864,
  "n_neg": 4448,
  "soc_feasible_eps": 15,
  "soc_worst_ep_pct": 86.32130582455963
}