{
  "model": "persistence",
  "n": 4320,
  "n_episodes": 15,
  "cl_WAPE": 0.7589016278521941,
  "n_ramp": 0,
  "ramp_excess_pct": 0.0,
  "bal_own_max_mw": 0.0,
  "n_demand_act": 4286,
  "mismatch_act_pct": 23.464886825868074,
  "n_neg": 0,
  "soc_feasible_eps": 12,
  "soc_worst_ep_pct": 239.3914517168539
}