{
  "model": "itransformer_rayen",
  "n": 4320,
  "n_episodes": 15,
  "cl_WAPE": 0.7631350844842713,
  "n_ramp": 0,
  "ramp_excess_pct": 0.0,
  "bal_own_max_mw": 0.0010138462866962072,
  "n_demand_act": 4282,
  "mismatch_act_pct": 23.50019658479639,
  "n_neg": 0,
  "soc_feasible_eps": 13,
  "soc_worst_ep_pct": 240.67505712205465
}