{
  "model": "lstm_task7+DR",
  "n": 53568,
  "WAPE": 0.32013649430073216,
  "R2": 0.8992009593939988,
  "per_target_WAPE": {
    "hydro": 0.18828448191394448,
    "coal_brown": 0.013880096542364901,
    "gas_steam": 0.5785704664692385,
    "gas_ocgt": 0.19427251390310377,
    "battery_charging": 0.4810648848317379,
    "battery_discharging": 0.46474652214400336
  },
  "nd_WAPE": 0.028714104638737276,
  "bal_own_max_mw": 0.0018403324620521744,
  "n_demand_own": 0,
  "n_demand_act": 49213,
  "mismatch_act_pct": 2.8714104064568127,
  "n_neg": 0,
  "n_ramp_vs_prev": 0,
  "soc_day_feasible_pct": 100.0,
  "soc_worst_day_pct": 71.8829471885316,
  "alpha_frac_active": 0.7456130525686977,
  "alpha_max": 0.9149964451789856
}