{
  "model": "itransformer+clamp",
  "WAPE": 0.10684397224261062,
  "R2": 0.9766674422416882,
  "n": 10656,
  "n_neg": 0,
  "n_cap": 0,
  "n_ramp": 0,
  "n_demand_in": 8723,
  "mismatch_in_pct": 0.9456720381909133,
  "n_demand_act": 9511,
  "mismatch_act_pct": 1.7384080473597534,
  "soc_swing_pct": 85.07792567038165,
  "soc_feasible": true,
  "soc0_window_pct": [
    43.21371876211775,
    58.13579309173609
  ]
}