{
  "model": "persistence",
  "WAPE": 0.10838891622770758,
  "R2": 0.9669025611624754,
  "n": 53568,
  "n_neg": 0,
  "n_cap": 46,
  "n_ramp": 1,
  "n_demand_in": 0,
  "mismatch_in_pct": 2.6790135923375683e-06,
  "n_demand_act": 47728,
  "mismatch_act_pct": 1.815820233217736,
  "soc_swing_pct": 114.65699251491573,
  "soc_feasible": false,
  "soc0_window_pct": null,
  "per_target_WAPE": {
    "hydro": 0.0532600693201931,
    "coal_brown": 0.007647479135097281,
    "gas_steam": 0.03602076700986511,
    "gas_ocgt": 0.03433306999370175,
    "battery_charging": 0.24934981614267765,
    "battery_discharging": 0.26972229699468003
  }
}