{
  "model": "lstm_revin",
  "WAPE": 0.12520116353658126,
  "R2": 0.9746768823817774,
  "n": 10656,
  "n_neg": 16906,
  "n_cap": 0,
  "n_ramp": 1,
  "n_demand_in": 8934,
  "mismatch_in_pct": 1.0976325712309694,
  "n_demand_act": 9594,
  "mismatch_act_pct": 1.837496553464576,
  "soc_swing_pct": 112.25061811363948,
  "soc_feasible": false,
  "soc0_window_pct": null
}