{
  "dataset": "future_demand_45d",
  "arch": "lstm",
  "recipe": {
    "epochs": 40,
    "patience": 10,
    "batch": 128,
    "lr": 0.0001,
    "weight_decay": 1e-05
  },
  "seed": 0,
  "baseline": {
    "input_mode": "net_dispatch_totdem",
    "n_features": 17,
    "feat_cols": [
      "hydro",
      "gas_steam",
      "gas_ocgt",
      "coal_brown",
      "battery_charging",
      "battery_discharging",
      "net_demand",
      "demand_mw",
      "price_aud_per_mwh",
      "hour_sin",
      "hour_cos",
      "dow_sin",
      "dow_cos",
      "season_sin",
      "season_cos",
      "is_weekend",
      "is_peak"
    ],
    "seed": 0,
    "epochs_run": 40,
    "best_val_mse": 0.05898243933916092,
    "secs": 1542.7337138652802,
    "metrics": {
      "per_target": {
        "hydro": {
          "MAE": 114.25922393798828,
          "RMSE": 155.73011779785156,
          "WAPE": 0.1874082865017562,
          "R2": 0.9155362909173088
        },
        "coal_brown": {
          "MAE": 171.08404541015625,
          "RMSE": 192.2348175048828,
          "WAPE": 0.039799470775775114,
          "R2": 0.8873654742451347
        },
        "gas_steam": {
          "MAE": 10.270286560058594,
          "RMSE": 23.284257888793945,
          "WAPE": 0.3820003862918291,
          "R2": 0.9415400899297757
        },
        "gas_ocgt": {
          "MAE": 66.03052520751953,
          "RMSE": 84.62682342529297,
          "WAPE": 0.19349803756543643,
          "R2": 0.9202964817180983
        },
        "battery_charging": {
          "MAE": 52.28521728515625,
          "RMSE": 78.02578735351562,
          "WAPE": 0.30313834477755575,
          "R2": 0.8509503509732547
        },
        "battery_discharging": {
          "MAE": 45.67230987548828,
          "RMSE": 73.60985565185547,
          "WAPE": 0.31005261318021304,
          "R2": 0.8978647666602064
        }
      },
      "average": {
        "MAE": 76.6002680460612,
        "RMSE": 101.2519432703654,
        "WAPE": 0.2359828565154276,
        "R2": 0.9022589090739631
      }
    }
  },
  "with_future_demand": {
    "input_mode": "net_dispatch_totdem_fcst",
    "n_features": 18,
    "feat_cols": [
      "hydro",
      "gas_steam",
      "gas_ocgt",
      "coal_brown",
      "battery_charging",
      "battery_discharging",
      "net_demand",
      "demand_mw",
      "demand_fcst",
      "price_aud_per_mwh",
      "hour_sin",
      "hour_cos",
      "dow_sin",
      "dow_cos",
      "season_sin",
      "season_cos",
      "is_weekend",
      "is_peak"
    ],
    "seed": 0,
    "epochs_run": 40,
    "best_val_mse": 0.07247366290539503,
    "secs": 1516.991260766983,
    "metrics": {
      "per_target": {
        "hydro": {
          "MAE": 91.44556427001953,
          "RMSE": 126.11418151855469,
          "WAPE": 0.14998925549258912,
          "R2": 0.9446072716722896
        },
        "coal_brown": {
          "MAE": 213.744140625,
          "RMSE": 238.2191162109375,
          "WAPE": 0.04972353564431258,
          "R2": 0.8270340162541714
        },
        "gas_steam": {
          "MAE": 15.873735427856445,
          "RMSE": 28.743391036987305,
          "WAPE": 0.5904190617720994,
          "R2": 0.9109140246826576
        },
        "gas_ocgt": {
          "MAE": 46.610713958740234,
          "RMSE": 64.9361801147461,
          "WAPE": 0.13658959289180964,
          "R2": 0.9530716922133324
        },
        "battery_charging": {
          "MAE": 59.291690826416016,
          "RMSE": 89.47705841064453,
          "WAPE": 0.34376034644341175,
          "R2": 0.8039900692619866
        },
        "battery_discharging": {
          "MAE": 54.020965576171875,
          "RMSE": 82.22354888916016,
          "WAPE": 0.3667285878415337,
          "R2": 0.8725628297896834
        }
      },
      "average": {
        "MAE": 80.16446844736735,
        "RMSE": 104.95224603017171,
        "WAPE": 0.27286839668095936,
        "R2": 0.8853633173123536
      }
    }
  },
  "wape_delta": 0.03688554016553175,
  "wape_delta_pct": 15.630601608180939
}