{
  "per_target": {
    "hydro": {
      "MAE": 20.660484313964844,
      "RMSE": 40.52387619018555,
      "WAPE": 0.07084199041128159,
      "R2": 0.98933612992857
    },
    "coal_brown": {
      "MAE": 32.84922409057617,
      "RMSE": 44.63188552856445,
      "WAPE": 0.009091518819332123,
      "R2": 0.9954494074790121
    },
    "gas_steam": {
      "MAE": 2.2704572677612305,
      "RMSE": 5.633317470550537,
      "WAPE": 0.5197057127952576,
      "R2": 0.9792340357806026
    },
    "gas_ocgt": {
      "MAE": 5.848921298980713,
      "RMSE": 11.343960762023926,
      "WAPE": 0.15840032696723938,
      "R2": 0.9925046447772973
    },
    "battery_charging": {
      "MAE": 31.659944534301758,
      "RMSE": 55.64645004272461,
      "WAPE": 0.2180495262145996,
      "R2": 0.937938739355735
    },
    "battery_discharging": {
      "MAE": 29.285419464111328,
      "RMSE": 52.21196746826172,
      "WAPE": 0.23846417665481567,
      "R2": 0.9418013031797892
    }
  },
  "average": {
    "MAE": 20.42907516161601,
    "RMSE": 34.99857624371847,
    "WAPE": 0.20242554197708765,
    "R2": 0.972710710083501
  },
  "arch": "lstm_5min_mse",
  "lambda": 0.0,
  "epochs_run": 51
}