{
  "tag": "lstm_rayen_hist_s0_str48",
  "arch": "lstm_rayen",
  "seed": 0,
  "dataset": "hist",
  "device": "mps",
  "recipe": {
    "epochs": 6,
    "patience": 6,
    "batch": 128
  },
  "lr": 0.0001,
  "epochs_run": 6,
  "stride": 48,
  "best_val_mse": 0.3611046966805468,
  "secs": 64.04331111907959,
  "metrics": {
    "per_target": {
      "hydro": {
        "MAE": 17.077756881713867,
        "RMSE": 42.6497802734375,
        "WAPE": 0.057879249910443624,
        "R2": 0.9882111360621918
      },
      "coal_brown": {
        "MAE": 28.10135269165039,
        "RMSE": 40.485008239746094,
        "WAPE": 0.007690096802453486,
        "R2": 0.9969786102272605
      },
      "gas_steam": {
        "MAE": 1.494396448135376,
        "RMSE": 3.262331008911133,
        "WAPE": 0.19073753488385944,
        "R2": 0.9961638058719687
      },
      "gas_ocgt": {
        "MAE": 5.5392537117004395,
        "RMSE": 13.190532684326172,
        "WAPE": 0.06674423550605936,
        "R2": 0.9949291708798876
      },
      "battery_charging": {
        "MAE": 32.37407684326172,
        "RMSE": 61.42068862915039,
        "WAPE": 0.2539288391734131,
        "R2": 0.9096437565730103
      },
      "battery_discharging": {
        "MAE": 28.749794006347656,
        "RMSE": 55.914207458496094,
        "WAPE": 0.270358771081334,
        "R2": 0.9152299553388602
      }
    },
    "average": {
      "MAE": 18.889438430468243,
      "RMSE": 36.15375804901123,
      "WAPE": 0.1412231212262605,
      "R2": 0.9668594058255299
    }
  },
  "balance_resid_max_mw": 0.0012704133987426758,
  "n_ramp_vs_prev": 0,
  "n_neg": 0,
  "nd_WAPE": 0.018152552157262667
}