{
  "tag": "itransformer_task7_hist_s0",
  "arch": "itransformer_task7",
  "seed": 0,
  "dataset": "hist",
  "device": "cuda",
  "recipe": {
    "epochs": 40,
    "patience": 10,
    "batch": 128
  },
  "lr": 0.0001,
  "epochs_run": 20,
  "stride": 1,
  "best_val_mse": 0.37184027410668286,
  "secs": 35.87817096710205,
  "metrics": {
    "per_target": {
      "hydro": {
        "MAE": 22.927536010742188,
        "RMSE": 45.51485061645508,
        "WAPE": 0.07770509272813797,
        "R2": 0.9865740633771731
      },
      "coal_brown": {
        "MAE": 35.36534881591797,
        "RMSE": 48.47307205200195,
        "WAPE": 0.009677930735051632,
        "R2": 0.9956686889798957
      },
      "gas_steam": {
        "MAE": 0.667819619178772,
        "RMSE": 4.166086196899414,
        "WAPE": 0.08523726463317871,
        "R2": 0.9937439388450714
      },
      "gas_ocgt": {
        "MAE": 5.178797245025635,
        "RMSE": 15.065370559692383,
        "WAPE": 0.062400978058576584,
        "R2": 0.9933852424578121
      },
      "battery_charging": {
        "MAE": 33.49888610839844,
        "RMSE": 58.290348052978516,
        "WAPE": 0.26275134086608887,
        "R2": 0.9186191779210034
      },
      "battery_discharging": {
        "MAE": 30.866771697998047,
        "RMSE": 53.76949691772461,
        "WAPE": 0.2902665138244629,
        "R2": 0.9216083144888544
      }
    },
    "average": {
      "MAE": 21.417526582876842,
      "RMSE": 37.54653739929199,
      "WAPE": 0.13133985347424945,
      "R2": 0.968266571011635
    }
  },
  "balance_resid_max_mw": 254.26903159295853,
  "n_ramp_vs_prev": 0,
  "n_neg": 35505,
  "nd_WAPE": 0.021094950918933812,
  "dr": {
    "metrics": {
      "per_target": {
        "hydro": {
          "MAE": 50.506690979003906,
          "RMSE": 78.9647216796875,
          "WAPE": 0.1711752712726593,
          "R2": 0.959588540957531
        },
        "coal_brown": {
          "MAE": 39.6050910949707,
          "RMSE": 52.93145751953125,
          "WAPE": 0.0108381612226367,
          "R2": 0.9948352896338025
        },
        "gas_steam": {
          "MAE": 2.633897304534912,
          "RMSE": 5.615757465362549,
          "WAPE": 0.33617791533470154,
          "R2": 0.9886326000836958
        },
        "gas_ocgt": {
          "MAE": 14.788551330566406,
          "RMSE": 23.738401412963867,
          "WAPE": 0.17819197475910187,
          "R2": 0.9835768187709094
        },
        "battery_charging": {
          "MAE": 53.387359619140625,
          "RMSE": 87.38019561767578,
          "WAPE": 0.41874828934669495,
          "R2": 0.8171248010069039
        },
        "battery_discharging": {
          "MAE": 53.181400299072266,
          "RMSE": 77.80619049072266,
          "WAPE": 0.5001099109649658,
          "R2": 0.8358554743408525
        }
      },
      "average": {
        "MAE": 35.683831771214805,
        "RMSE": 54.406120697657265,
        "WAPE": 0.26920692048346,
        "R2": 0.9299355874656158
      }
    },
    "balance_resid_max_mw": 0.0016360962563339854,
    "n_ramp_vs_prev": 0,
    "n_neg": 0,
    "nd_WAPE": 0.027052345606432514,
    "safe_t": 29.45,
    "n_outside_X": 0,
    "alpha_frac_active": 0.6865292712066906,
    "alpha_mean_active": 0.06856980174779892,
    "alpha_max": 0.523638129234314
  }
}