{
  "tag": "itransformer_rayen_hist_s0",
  "arch": "itransformer_rayen",
  "seed": 0,
  "dataset": "hist",
  "device": "cuda",
  "recipe": {
    "epochs": 40,
    "patience": 10,
    "batch": 128
  },
  "lr": 0.0001,
  "epochs_run": 40,
  "stride": 1,
  "best_val_mse": 0.39521883304048977,
  "secs": 41.9893901348114,
  "metrics": {
    "per_target": {
      "hydro": {
        "MAE": 16.070280075073242,
        "RMSE": 42.660526275634766,
        "WAPE": 0.05446474999189377,
        "R2": 0.9882051951955458
      },
      "coal_brown": {
        "MAE": 31.17585563659668,
        "RMSE": 44.78862762451172,
        "WAPE": 0.008531452156603336,
        "R2": 0.9963021116743319
      },
      "gas_steam": {
        "MAE": 1.182274341583252,
        "RMSE": 3.4320261478424072,
        "WAPE": 0.15089978277683258,
        "R2": 0.9957543355854522
      },
      "gas_ocgt": {
        "MAE": 3.734400987625122,
        "RMSE": 13.051170349121094,
        "WAPE": 0.04499698802828789,
        "R2": 0.9950357543815758
      },
      "battery_charging": {
        "MAE": 31.26331901550293,
        "RMSE": 59.620243072509766,
        "WAPE": 0.245216503739357,
        "R2": 0.9148634050036605
      },
      "battery_discharging": {
        "MAE": 28.85711669921875,
        "RMSE": 56.20206832885742,
        "WAPE": 0.27136799693107605,
        "R2": 0.9143548718984681
      }
    },
    "average": {
      "MAE": 18.713874459266663,
      "RMSE": 36.625776966412865,
      "WAPE": 0.12924624560400844,
      "R2": 0.9674192789565058
    }
  },
  "balance_resid_max_mw": 0.0016504735376656754,
  "n_ramp_vs_prev": 0,
  "n_neg": 0,
  "nd_WAPE": 0.01817551603270122
}