{
  "tag": "lstm_rayen_hist_s0",
  "arch": "lstm_rayen",
  "seed": 0,
  "dataset": "hist",
  "device": "cuda",
  "recipe": {
    "epochs": 40,
    "patience": 10,
    "batch": 128
  },
  "lr": 0.0001,
  "epochs_run": 24,
  "stride": 1,
  "best_val_mse": 0.4018811600101537,
  "secs": 33.258805990219116,
  "metrics": {
    "per_target": {
      "hydro": {
        "MAE": 17.13518524169922,
        "RMSE": 42.79743576049805,
        "WAPE": 0.05807388573884964,
        "R2": 0.9881293683275686
      },
      "coal_brown": {
        "MAE": 28.140140533447266,
        "RMSE": 40.42133331298828,
        "WAPE": 0.007700711023062468,
        "R2": 0.9969881069027546
      },
      "gas_steam": {
        "MAE": 1.8817989826202393,
        "RMSE": 3.8079419136047363,
        "WAPE": 0.2401837259531021,
        "R2": 0.9947733292239966
      },
      "gas_ocgt": {
        "MAE": 4.104824542999268,
        "RMSE": 12.872832298278809,
        "WAPE": 0.04946034029126167,
        "R2": 0.9951704958447543
      },
      "battery_charging": {
        "MAE": 31.85599136352539,
        "RMSE": 61.38154602050781,
        "WAPE": 0.24986517429351807,
        "R2": 0.9097588915632422
      },
      "battery_discharging": {
        "MAE": 28.375534057617188,
        "RMSE": 55.57417297363281,
        "WAPE": 0.26683929562568665,
        "R2": 0.9162578522081877
      }
    },
    "average": {
      "MAE": 18.58224578698476,
      "RMSE": 36.14254371325175,
      "WAPE": 0.1453538554875801,
      "R2": 0.9668463406784173
    }
  },
  "balance_resid_max_mw": 0.0011387703507352853,
  "n_ramp_vs_prev": 0,
  "n_neg": 0,
  "nd_WAPE": 0.01810200969493637
}