{
  "tag": "lstm_task7_hist_s0",
  "arch": "lstm_task7",
  "seed": 0,
  "dataset": "hist",
  "device": "cuda",
  "recipe": {
    "epochs": 40,
    "patience": 10,
    "batch": 128
  },
  "lr": 0.0001,
  "epochs_run": 35,
  "stride": 1,
  "best_val_mse": 0.5780213228237266,
  "secs": 32.632659912109375,
  "metrics": {
    "per_target": {
      "hydro": {
        "MAE": 34.37254333496094,
        "RMSE": 61.692352294921875,
        "WAPE": 0.11649405211210251,
        "R2": 0.9753338701238977
      },
      "coal_brown": {
        "MAE": 53.50202941894531,
        "RMSE": 85.40277862548828,
        "WAPE": 0.014641138724982738,
        "R2": 0.9865549528298895
      },
      "gas_steam": {
        "MAE": 5.934046268463135,
        "RMSE": 13.428496360778809,
        "WAPE": 0.7573930025100708,
        "R2": 0.9350021131193625
      },
      "gas_ocgt": {
        "MAE": 11.472593307495117,
        "RMSE": 22.805999755859375,
        "WAPE": 0.13823693990707397,
        "R2": 0.9848416294614877
      },
      "battery_charging": {
        "MAE": 37.64470291137695,
        "RMSE": 70.24321746826172,
        "WAPE": 0.2952694296836853,
        "R2": 0.8818217374403707
      },
      "battery_discharging": {
        "MAE": 31.646703720092773,
        "RMSE": 62.28416061401367,
        "WAPE": 0.2976008653640747,
        "R2": 0.8948151130011128
      }
    },
    "average": {
      "MAE": 29.095436493555706,
      "RMSE": 52.642834186553955,
      "WAPE": 0.26993923805033165,
      "R2": 0.9430615693293535
    }
  },
  "balance_resid_max_mw": 155.6651480666169,
  "n_ramp_vs_prev": 731,
  "n_neg": 55158,
  "nd_WAPE": 0.024775526020909586,
  "dr": {
    "metrics": {
      "per_target": {
        "hydro": {
          "MAE": 55.54965591430664,
          "RMSE": 98.01519775390625,
          "WAPE": 0.18826667964458466,
          "R2": 0.9377376966103587
        },
        "coal_brown": {
          "MAE": 50.72441864013672,
          "RMSE": 77.45130920410156,
          "WAPE": 0.013881029561161995,
          "R2": 0.9889420199594395
        },
        "gas_steam": {
          "MAE": 4.5323805809021,
          "RMSE": 12.298009872436523,
          "WAPE": 0.5784911513328552,
          "R2": 0.945485231392357
        },
        "gas_ocgt": {
          "MAE": 16.122819900512695,
          "RMSE": 30.64945411682129,
          "WAPE": 0.19426898658275604,
          "R2": 0.9726221198630042
        },
        "battery_charging": {
          "MAE": 61.32540512084961,
          "RMSE": 99.8324966430664,
          "WAPE": 0.4810110330581665,
          "R2": 0.761288880629782
        },
        "battery_discharging": {
          "MAE": 49.41803741455078,
          "RMSE": 88.16948699951172,
          "WAPE": 0.46471986174583435,
          "R2": 0.7892174216087923
        }
      },
      "average": {
        "MAE": 39.612119595209755,
        "RMSE": 67.73599243164062,
        "WAPE": 0.3201064569875598,
        "R2": 0.899215561677289
      }
    },
    "balance_resid_max_mw": 0.0015808187845323118,
    "n_ramp_vs_prev": 0,
    "n_neg": 0,
    "nd_WAPE": 0.028712836260057464,
    "safe_t": 29.45,
    "n_outside_X": 0,
    "alpha_frac_active": 0.7456503882915173,
    "alpha_mean_active": 0.06402505189180374,
    "alpha_max": 0.9149972796440125
  }
}